[
    {
        "name": "675 mV",
        "dec": "675"
    },
    {
        "name": "680 mV",
        "dec": "680"
    },
    {
        "name": "685 mV",
        "dec": "685"
    },
    {
        "name": "690 mV",
        "dec": "690"
    },
    {
        "name": "695 mV",
        "dec": "695"
    },
    {
        "name": "700 mV",
        "dec": "700"
    },
    {
        "name": "705 mV",
        "dec": "705"
    },
    {
        "name": "710 mV",
        "dec": "710"
    },
    {
        "name": "715 mV",
        "dec": "715"
    },
    {
        "name": "720 mV",
        "dec": "720"
    },
    {
        "name": "725 mV",
        "dec": "725"
    },
    {
        "name": "730 mV",
        "dec": "730"
    },
    {
        "name": "735 mV",
        "dec": "735"
    },
    {
        "name": "740 mV",
        "dec": "740"
    },
    {
        "name": "745 mV",
        "dec": "745"
    },
    {
        "name": "750 mV",
        "dec": "750"
    },
    {
        "name": "755 mV",
        "dec": "755"
    },
    {
        "name": "760 mV",
        "dec": "760"
    }
]