[
    {
        "name": "710 mV",
        "dec": "710"
    },
    {
        "name": "715 mV",
        "dec": "715"
    },
    {
        "name": "720 mV",
        "dec": "720"
    },
    {
        "name": "725 mV",
        "dec": "725"
    },
    {
        "name": "730 mV",
        "dec": "730"
    },
    {
        "name": "735 mV",
        "dec": "735"
    },
    {
        "name": "740 mV",
        "dec": "740"
    },
    {
        "name": "745 mV",
        "dec": "745"
    },
    {
        "name": "750 mV",
        "dec": "750"
    },
    {
        "name": "755 mV",
        "dec": "755"
    },
    {
        "name": "760 mV",
        "dec": "760"
    },
    {
        "name": "765 mV",
        "dec": "765"
    },
    {
        "name": "770 mV",
        "dec": "770"
    },
    {
        "name": "775 mV",
        "dec": "775"
    },
    {
        "name": "780 mV",
        "dec": "780"
    }
]