[
    {
        "name": "730 mV",
        "dec": "730"
    },
    {
        "name": "735 mV",
        "dec": "735"
    },
    {
        "name": "740 mV",
        "dec": "740"
    },
    {
        "name": "745 mV",
        "dec": "745"
    },
    {
        "name": "750 mV",
        "dec": "750"
    },
    {
        "name": "755 mV",
        "dec": "755"
    },
    {
        "name": "760 mV",
        "dec": "760"
    },
    {
        "name": "765 mV",
        "dec": "765"
    },
    {
        "name": "770 mV",
        "dec": "770"
    },
    {
        "name": "775 mV",
        "dec": "775"
    },
    {
        "name": "780 mV",
        "dec": "780"
    },
    {
        "name": "785 mV",
        "dec": "785"
    },
    {
        "name": "790 mV",
        "dec": "790"
    },
    {
        "name": "795 mV",
        "dec": "795"
    },
    {
        "name": "800 mV",
        "dec": "800"
    },
    {
        "name": "805 mV",
        "dec": "805"
    },
    {
        "name": "810 mV",
        "dec": "810"
    },
    {
        "name": "815 mV",
        "dec": "815"
    },
    {
        "name": "820 mV",
        "dec": "820"
    },
    {
        "name": "825 mV",
        "dec": "825"
    },
    {
        "name": "830 mV",
        "dec": "830"
    },
    {
        "name": "835 mV",
        "dec": "835"
    },
    {
        "name": "840 mV",
        "dec": "840"
    },
    {
        "name": "845 mV",
        "dec": "845"
    },
    {
        "name": "850 mV",
        "dec": "850"
    }
]