[
    {
        "name": "615 mV",
        "dec": "615"
    },
    {
        "name": "620 mV",
        "dec": "620"
    },
    {
        "name": "625 mV",
        "dec": "625"
    },
    {
        "name": "630 mV",
        "dec": "630"
    },
    {
        "name": "635 mV",
        "dec": "635"
    },
    {
        "name": "640 mV",
        "dec": "640"
    },
    {
        "name": "645 mV",
        "dec": "645"
    },
    {
        "name": "650 mV",
        "dec": "650"
    },
    {
        "name": "655 mV",
        "dec": "655"
    },
    {
        "name": "660 mV",
        "dec": "660"
    },
    {
        "name": "665 mV",
        "dec": "665"
    },
    {
        "name": "670 mV",
        "dec": "670"
    },
    {
        "name": "675 mV",
        "dec": "675"
    },
    {
        "name": "680 mV",
        "dec": "680"
    },
    {
        "name": "685 mV",
        "dec": "685"
    },
    {
        "name": "690 mV",
        "dec": "690"
    },
    {
        "name": "695 mV",
        "dec": "695"
    },
    {
        "name": "700 mV",
        "dec": "700"
    }
]