[
    {
        "name": "800 mV - Default",
        "dec": "800"
    },
    {
        "name": "805 mV",
        "dec": "805"
    },
    {
        "name": "810 mV",
        "dec": "810"
    },
    {
        "name": "815 mV",
        "dec": "815"
    },
    {
        "name": "820 mV",
        "dec": "820"
    },
    {
        "name": "825 mV",
        "dec": "825"
    },
    {
        "name": "830 mV",
        "dec": "830"
    },
    {
        "name": "835 mV",
        "dec": "835"
    },
    {
        "name": "840 mV",
        "dec": "840"
    },
    {
        "name": "845 mV",
        "dec": "845"
    },
    {
        "name": "850 mV",
        "dec": "850"
    }
]