[
    {
        "name": "840 mV",
        "dec": "840"
    },
    {
        "name": "845 mV",
        "dec": "845"
    },
    {
        "name": "850 mV",
        "dec": "850"
    },
    {
        "name": "855 mV",
        "dec": "855"
    },
    {
        "name": "860 mV",
        "dec": "860"
    },
    {
        "name": "865 mV",
        "dec": "865"
    },
    {
        "name": "870 mV",
        "dec": "870"
    },
    {
        "name": "875 mV",
        "dec": "875"
    },
    {
        "name": "880 mV",
        "dec": "880"
    },
    {
        "name": "885 mV",
        "dec": "885"
    },
    {
        "name": "890 mV",
        "dec": "890"
    },
    {
        "name": "895 mV",
        "dec": "895"
    },
    {
        "name": "900 mV",
        "dec": "900"
    }
]