[
    {
        "name": "880 mV",
        "dec": "880"
    },
    {
        "name": "885 mV",
        "dec": "885"
    },
    {
        "name": "890 mV",
        "dec": "890"
    },
    {
        "name": "895 mV",
        "dec": "895"
    },
    {
        "name": "900 mV",
        "dec": "900"
    },
    {
        "name": "905 mV",
        "dec": "905"
    },
    {
        "name": "910 mV",
        "dec": "910"
    },
    {
        "name": "915 mV",
        "dec": "915"
    },
    {
        "name": "920 mV",
        "dec": "920"
    },
    {
        "name": "925 mV",
        "dec": "925"
    }
]