[
    {
        "name": "900 mV",
        "dec": "900"
    },
    {
        "name": "905 mV",
        "dec": "905"
    },
    {
        "name": "910 mV",
        "dec": "910"
    },
    {
        "name": "915 mV",
        "dec": "915"
    },
    {
        "name": "920 mV",
        "dec": "920"
    },
    {
        "name": "925 mV",
        "dec": "925"
    },
    {
        "name": "930 mV",
        "dec": "930"
    },
    {
        "name": "935 mV",
        "dec": "935"
    },
    {
        "name": "940 mV",
        "dec": "940"
    },
    {
        "name": "945 mV",
        "dec": "945"
    },
    {
        "name": "950 mV",
        "dec": "950"
    }
]