[
    {
        "name": "1600 MHz - Stock",
        "label": "1600 MHz",
        "dec": "1600000"
    },
    {
        "name": "1633 MHz",
        "label": "1633 MHz",
        "dec": "1633000"
    },
    {
        "name": "1666 MHz",
        "label": "1666 MHz",
        "dec": "1666000"
    },
    {
        "name": "1700 MHz",
        "label": "1700 MHz",
        "dec": "1700000"
    },
    {
        "name": "1733 MHz",
        "label": "1733 MHz",
        "dec": "1733000"
    },
    {
        "name": "1766 MHz",
        "label": "1766 MHz",
        "dec": "1766000"
    },
    {
        "name": "1800 MHz",
        "label": "1800 MHz",
        "dec": "1800000"
    },
    {
        "name": "1833 MHz",
        "label": "1833 MHz",
        "dec": "1833000"
    },
    {
        "name": "1866 MHz",
        "label": "1866 MHz",
        "dec": "1866000"
    },
    {
        "name": "1900 MHz",
        "label": "1900 MHz",
        "dec": "1900000"
    },
    {
        "name": "1933 MHz",
        "label": "1933 MHz",
        "dec": "1933000"
    },
    {
        "name": "1966 MHz",
        "label": "1966 MHz",
        "dec": "1966000"
    },
    {
        "name": "2000 MHz",
        "label": "2000 MHz",
        "dec": "2000000"
    },
    {
        "name": "2033 MHz",
        "label": "2033 MHz",
        "dec": "2033000"
    },
    {
        "name": "2066 MHz",
        "label": "2066 MHz",
        "dec": "2066000"
    },
    {
        "name": "2100 MHz",
        "label": "2100 MHz",
        "dec": "2100000"
    },
    {
        "name": "2133 MHz - Default",
        "label": "2133 MHz",
        "dec": "2133000"
    },
    {
        "name": "2166 MHz",
        "label": "2166 MHz",
        "dec": "2166000"
    },
    {
        "name": "2200 MHz",
        "label": "2200 MHz",
        "dec": "2200000"
    },
    {
        "name": "2233 MHz",
        "label": "2233 MHz",
        "dec": "2233000"
    },
    {
        "name": "2266 MHz - Core",
        "label": "2266 MHz",
        "dec": "2266000"
    },
    {
        "name": "2300 MHz",
        "label": "2300 MHz",
        "dec": "2300000"
    },
    {
        "name": "2333 MHz",
        "label": "2333 MHz",
        "dec": "2333000"
    },
    {
        "name": "2366 MHz",
        "label": "2366 MHz",
        "dec": "2366000"
    },
    {
        "name": "2400 MHz - Mega",
        "label": "2400 MHz",
        "dec": "2400000"
    },
    {
        "name": "2433 MHz",
        "label": "2433 MHz",
        "dec": "2433000"
    },
    {
        "name": "2466 MHz - Ultra",
        "label": "2466 MHz",
        "dec": "2466000"
    },
    {
        "name": "2500 MHz",
        "label": "2500 MHz",
        "dec": "2500000"
    },
    {
        "name": "2533 MHz",
        "label": "2533 MHz",
        "dec": "2533000"
    },
    {
        "name": "2566 MHz",
        "label": "2566 MHz",
        "dec": "2566000"
    },
    {
        "name": "2600 MHz - Red",
        "label": "2600 MHz",
        "dec": "2600000"
    },
    {
        "name": "2633 MHz",
        "label": "2633 MHz",
        "dec": "2633000"
    },
    {
        "name": "2666 MHz",
        "label": "2666 MHz",
        "dec": "2666000"
    },
    {
        "name": "2700 MHz - Serious?",
        "label": "2700 MHz",
        "dec": "2700000"
    },
    {
        "name": "2733 MHz",
        "label": "2733 MHz",
        "dec": "2733000"
    },
    {
        "name": "2766 MHz",
        "label": "2766 MHz",
        "dec": "2766000"
    },
    {
        "name": "2800 MHz - You're insane!",
        "label": "2800 MHz",
        "dec": "2800000"
    },
    {
        "name": "2833 MHz",
        "label": "2833 MHz",
        "dec": "2833000"
    },
    {
        "name": "2866 MHz",
        "label": "2866 MHz",
        "dec": "2866000"
    },
    {
        "name": "2900 MHz - Oh shit...",
        "label": "2900 MHz",
        "dec": "2900000"
    },
    {
        "name": "2933 MHz",
        "label": "2933 MHz",
        "dec": "2933000"
    },
    {
        "name": "2966 MHz",
        "label": "2966 MHz",
        "dec": "2966000"
    },
    {
        "name": "3000 MHz - emuNAND's rip",
        "label": "3000 MHz",
        "dec": "3000000"
    }
]