[
    {
        "name": "[18] - 0",
        "label": "[18]",
        "dec": "18"
    },
    {
        "name": "[17] - 1",
        "label": "[17]",
        "dec": "17"
    },
    {
        "name": "[16] - 2",
        "label": "[16]",
        "dec": "16"
    },
    {
        "name": "[15] - 3",
        "label": "[15]",
        "dec": "15"
    },
    {
        "name": "[14] - 4",
        "label": "[14]",
        "dec": "14"
    },
    {
        "name": "[13] - 5",
        "label": "[13]",
        "dec": "13"
    },
    {
        "name": "[12] - 6",
        "label": "[12]",
        "dec": "12"
    },
    {
        "name": "[11] - 7",
        "label": "[11]",
        "dec": "11"
    },
    {
        "name": "[10] - 8",
        "label": "[10]",
        "dec": "10"
    }
]