[
    {
        "name": "[42] - 0",
        "label": "[42]",
        "dec": "42"
    },
    {
        "name": "[39] - 1",
        "label": "[39]",
        "dec": "39"
    },
    {
        "name": "[36] - 2",
        "label": "[36]",
        "dec": "36"
    },
    {
        "name": "[35]",
        "label": "[35]",
        "dec": "35"
    },
    {
        "name": "[34]",
        "label": "[34]",
        "dec": "34"
    },
    {
        "name": "[33] - 3",
        "label": "[33]",
        "dec": "33"
    },
    {
        "name": "[32]",
        "label": "[32]",
        "dec": "32"
    },
    {
        "name": "[31]",
        "label": "[31]",
        "dec": "31"
    },
    {
        "name": "[30] - 4",
        "label": "[30]",
        "dec": "30"
    },
    {
        "name": "[29]",
        "label": "[29]",
        "dec": "29"
    },
    {
        "name": "[28]",
        "label": "[28]",
        "dec": "28"
    },
    {
        "name": "[27] - 5",
        "label": "[27]",
        "dec": "27"
    },
    {
        "name": "[26]",
        "label": "[26]",
        "dec": "26"
    },
    {
        "name": "[25]",
        "label": "[25]",
        "dec": "25"
    },
    {
        "name": "[24] - 6",
        "label": "[24]",
        "dec": "24"
    },
    {
        "name": "[23]",
        "label": "[23]",
        "dec": "23"
    },
    {
        "name": "[22]",
        "label": "[22]",
        "dec": "22"
    },
    {
        "name": "[21] - 7",
        "label": "[21]",
        "dec": "21"
    },
    {
        "name": "[20]",
        "label": "[20]",
        "dec": "20"
    },
    {
        "name": "[19]",
        "label": "[19]",
        "dec": "19"
    },
    {
        "name": "[18] - 8",
        "label": "[18]",
        "dec": "18"
    }
]
