[
    {
        "name": "[0] - 10",
        "label": "[0]",
        "hex": "0"
    },
    {
        "name": "[1] - 7.5",
        "label": "[1]",
        "hex": "1"
    },
    {
        "name": "[2] - 6",
        "label": "[2]",
        "hex": "2"
    },
    {
        "name": "[3] - 4",
        "label": "[3]",
        "hex": "3"
    },
    {
        "name": "[4] - 3",
        "label": "[4]",
        "hex": "4"
    },
    {
        "name": "[5] - 2",
        "label": "[5]",
        "hex": "5"
    }
]