[
    {
        "name": "[0] - 140",
        "label": "[0]",
        "hex": "0"
    },
    {
        "name": "[1] - 120",
        "label": "[1]",
        "hex": "1"
    },
    {
        "name": "[2] - 100",
        "label": "[2]",
        "hex": "2"
    },
    {
        "name": "[3] - 80",
        "label": "[3]",
        "hex": "3"
    },
    {
        "name": "[4] - 70",
        "label": "[4]",
        "hex": "4"
    },
    {
        "name": "[5] - 60",
        "label": "[5]",
        "hex": "5"
    }
]