[
    {
        "name": "[0] - 0",
        "label": "[0]",
        "hex": "0"
    },
    {
        "name": "[1] - -4",
        "label": "[1]",
        "hex": "1"
    },
    {
        "name": "[2] - -8",
        "label": "[2]",
        "hex": "2"
    },
    {
        "name": "[3] - -12",
        "label": "[3]",
        "hex": "3"
    },
    {
        "name": "[4] - -16",
        "label": "[4]",
        "hex": "4"
    },
    {
        "name": "[5] - -20",
        "label": "[5]",
        "hex": "5"
    },
    {
        "name": "[6] - -24",
        "label": "[6]",
        "hex": "6"
    }
]