[
    {
        "name": "DBI RU - 671",
        "url": "https://github.com/Ultra-NX/Ultra-Resources/raw/main/homebrews/DBI%20RU.zip",
        "path": "/switch/"
    },
    {
        "name": "DBI EN - 658",
        "url": "https://github.com/Ultra-NX/Ultra-Resources/raw/main/homebrews/DBI%20EN.zip",
        "path": "/switch/"
    },
    {
        "name": "DBI PTBR - 658",
        "url": "https://github.com/Ultra-NX/Ultra-Resources/raw/main/homebrews/DBI%20EN.zip",
        "path": "/switch/"
    },
    {
        "name": "DBI ZHCN - 647",
        "url": "https://github.com/Ultra-NX/Ultra-Resources/raw/main/homebrews/DBI%20RU.zip",
        "path": "/switch/"
    }
]