[
    {
        "name": "DVR Patches",
        "path1": "/atmosphere/exefs_patches/am/"
    },
    {
        "name": "Fizeau",
        "path1": "/atmosphere/contents/0100000000000F12/",
        "path2": "/config/Fizeau/",
        "path3": "/switch/.overlays/Fizeau.ovl",
        "path4": "/switch/Fizeau/"
    },
    {
        "name": "TriPlayer",
        "path1": "/atmosphere/contents/4200000000000FFF/",
        "path2": "/config/TriPlayer/",
        "path3": "/switch/.overlays/ovl-TriPlayer.ovl",
        "path4": "/switch/TriPlayer/"
    },
    {
        "name": "sys-ftpd",
        "path1": "/atmosphere/contents/420000000000000E/",
        "path2": "/config/sys-ftpd/"
    },
    {
        "name": "sys-tune",
        "path1": "/atmosphere/contents/4200000000000000/",
        "path2": "/config/sys-tune/",
        "path3": "/switch/.overlays/sys-tune-overlay.ovl"
    },
    {
        "name": "sys-con",
        "path1": "/atmosphere/contents/690000000000000D/",
        "path2": "/config/sys-con/"
    }
]
