[
    {
        "name": "DBI RU - 628",
        "url": "https://github.com/Ultra-NX/Ultra-Resources/raw/main/homebrews/DBI%20RU.zip",
        "path": "/switch/"
    },
    {
        "name": "DBI EN - 628",
        "url": "https://github.com/Ultra-NX/Ultra-Resources/raw/main/homebrews/DBI%20EN.zip",
        "path": "/switch/"
    },
    {
        "name": "DBI PTBR - 628",
        "url": "https://github.com/Ultra-NX/Ultra-Resources/raw/main/homebrews/DBI%20EN.zip",
        "path": "/switch/"
    },
    {
        "name": "Daybreak - 1.0.0",
        "url": "https://github.com/Ultra-NX/Ultra-Resources/raw/main/homebrews/daybreak.zip",
        "path": "/switch/"
    },
    {
        "name": "Linkalho - 2.0.1",
        "url": "https://github.com/Ultra-NX/Ultra-Resources/raw/main/homebrews/linkalho.zip",
        "path": "/switch/"
    },
    {
        "name": "ReverseNX Tool - 3.1.2",
        "url": "https://github.com/Ultra-NX/Ultra-Resources/raw/main/homebrews/ReverseNX-Tool.zip",
        "path": "/switch/"
    },
    {
        "name": "Battery Desync Fix - 1.2.1",
        "url": "https://github.com/Ultra-NX/Ultra-Resources/raw/main/homebrews/battery_desync_fix.zip",
        "path": "/switch/"
    },
    {
        "name": "HB App Store - 2.3.2",
        "url": "https://github.com/Ultra-NX/Ultra-Resources/raw/main/homebrews/appstore.zip",
        "path": "/switch/"
    },
    {
        "name": "SysDVR nro - 5.5",
        "url": "https://github.com/Ultra-NX/Ultra-Resources/raw/main/homebrews/SysDVR-conf.zip",
        "path": "/switch/"
    },
    {
        "name": "SysDVR module - 5.5.6",
        "url": "https://github.com/Ultra-NX/Ultra-Resources/raw/main/homebrews/SysDVR%20Full.zip",
        "path": "/"
    },
    {
        "name": "sys-ftpd - 1.0.4",
        "url": "https://github.com/Ultra-NX/Ultra-Resources/raw/main/homebrews/sys-ftpd.zip",
        "path": "/"
    },
    {
        "name": "Observer-Tool - 0.0.2",
        "url": "https://github.com/Ultra-NX/Ultra-Resources/raw/main/homebrews/Observer-Tool.zip",
        "path": "/switch/.overlays/"
    },
    {
        "name": "MicroMemBench - 0.5.0",
        "url": "https://github.com/Ultra-NX/Ultra-Resources/raw/main/homebrews/MicroMemBench%205.0.zip",
        "path": "/switch/"
    },
    {
        "name": "MicroMemBench - 0.5.1",
        "url": "https://github.com/Ultra-NX/Ultra-Resources/raw/main/homebrews/MicroMemBench.zip",
        "path": "/switch/"
    },
    {
        "name": "MicroMemTest - 5.0.1",
        "url": "https://github.com/Ultra-NX/Ultra-Resources/raw/main/homebrews/MicroMemTest.zip",
        "path": "/switch/"
    },
    {
        "name": "RaytracingNX - 1.1.0",
        "url": "https://github.com/Ultra-NX/Ultra-Resources/raw/main/homebrews/RaytracingNX.zip",
        "path": "/switch/"
    },
    {
        "name": "stress-nx - 1.1.0",
        "url": "https://github.com/Ultra-NX/Ultra-Resources/raw/main/homebrews/stress-nx.zip",
        "path": "/switch/"
    },
    {
        "name": "mhz - 1.0.0",
        "url": "https://github.com/Ultra-NX/Ultra-Resources/raw/main/homebrews/mhz-1.0.0.zip",
        "path": "/switch/"
    }
]