[
    {
        "name": "Ancestors Legacy",
        "url": "https://github.com/Ultra-NX/Ultra-Resources/raw/main/mods/Ancestors%20Legacy.zip",
        "path": "/atmosphere/contents/"
    },
    {
        "name": "Astral Chain",
        "url": "https://github.com/Ultra-NX/Ultra-Resources/raw/main/mods/Astral%20Chain.zip",
        "path": "/"
    },
    {
        "name": "Bloodstained RotN",
        "url": "https://github.com/Ultra-NX/Ultra-Resources/raw/main/mods/Bloodstained%20RotN.zip",
        "path": "/atmosphere/contents/"
    },
    {
        "name": "DOOM Eternal",
        "url": "https://github.com/Ultra-NX/Ultra-Resources/raw/main/mods/DOOM%20Eternal.zip",
        "path": "/atmosphere/contents/"
    },
    {
        "name": "DOOM 2016",
        "url": "https://github.com/Ultra-NX/Ultra-Resources/raw/main/mods/DOOM.zip",
        "path": "/atmosphere/contents/"
    },
    {
        "name": "It Takes Two",
        "url": "https://github.com/Ultra-NX/Ultra-Resources/raw/main/mods/It%20Takes%20Two.zip",
        "path": "/atmosphere/contents/"
    },
    {
        "name": "Zelda TotK - 1.2.1",
        "url": "https://github.com/Ultra-NX/Ultra-Resources/raw/main/mods/Zelda%20TotK%201.2.1.zip",
        "path": "/"
    },
    {
        "name": "Zelda TotK - 1.1.2",
        "url": "https://github.com/Ultra-NX/Ultra-Resources/raw/main/mods/Zelda%20TotK%201.1.2.zip",
        "path": "/atmosphere/"
    }
]
