[
	{
        "name": "1100 mV",
        "dec": "1100"
    },
    {
        "name": "1120 mV",
        "dec": "1120"
    },
    {
        "name": "1140 mV",
        "dec": "1140"
    },
    {
        "name": "1150 mV",
        "dec": "1150"
    },
    {
        "name": "1160 mV",
        "dec": "1160"
    },
    {
        "name": "1170 mV",
        "dec": "1170"
    },
    {
        "name": "1180 mV",
        "dec": "1180"
    },
    {
        "name": "1190 mV",
        "dec": "1190"
    },
    {
        "name": "1200 mV",
        "dec": "1200"
    },
    {
        "name": "1210 mV",
        "dec": "1210"
    },
    {
        "name": "1220 mV",
        "dec": "1220"
    },
    {
        "name": "1235 mV",
        "dec": "1235"
    },
    {
        "name": "1250 mV",
        "dec": "1250"
    },
    {
        "name": "1275 mV",
        "dec": "1275"
    }
]


