[
    {
        "name": "Core - MK-2",
        "label": "Core",
        "cpuMV": "1235",
        "ramMHz": "1996800",
        "ramVDD2": "1200000",
        "t0": "220000002200000022",
        "DVB": "02",
        "t1": "04",
        "t2": "04",
        "t3": "03",
        "t4": "04",
        "t5": "03",
        "t6": "04",
        "t7": "03"
    },
    {
        "name": "Mega - MK-4",
        "label": "Mega",
        "cpuMV": "1270",
        "ramMHz": "2131200",
        "ramVDD2": "1225000",
        "t0": "220000002200000022",
        "DVB": "01",
        "t1": "04",
        "t2": "04",
        "t3": "04",
        "t4": "05",
        "t5": "03",
        "t6": "05",
        "t7": "03"
    },
    {
        "name": "Ultra - MK-6",
        "label": "Ultra",
        "cpuMV": "1300",
        "ramMHz": "2188800",
        "ramVDD2": "1250000",
        "t0": "140000001400000014",
        "DVB": "00",
        "t1": "05",
        "t2": "05",
        "t3": "04",
        "t4": "05",
        "t5": "04",
        "t6": "05",
        "t7": "04"
    },
    {
        "name": "Red - MK-7",
        "label": "Red",
        "cpuMV": "1300",
        "ramMHz": "2284800",
        "ramVDD2": "1250000",
        "DVB": "00",
        "t1": "05",
        "t2": "05",
        "t3": "04",
        "t4": "05",
        "t5": "04",
        "t6": "05",
        "t7": "04"
    },
    {
        "name": "Gray - MK-0",
        "label": "Gray",
        "cpuMV": "1235",
        "ramMHz": "1862400",
        "ramVDD2": "1225000",
        "t0": "22000000200000001E",
        "DVB": "02",
        "t1": "03",
        "t2": "03",
        "t3": "02",
        "t4": "03",
        "t5": "02",
        "t6": "03",
        "t7": "02"
    }
]