[
    {
        "name": "550 mV",
        "dec": "550000"
    },
    {
        "name": "560 mV",
        "dec": "560000"
    },
    {
        "name": "570 mV",
        "dec": "570000"
    },
    {
        "name": "580 mV",
        "dec": "580000"
    },
    {
        "name": "590 mV",
        "dec": "590000"
    },
    {
        "name": "600 mV",
        "dec": "600000"
    },
    {
        "name": "610 mV",
        "dec": "610000"
    },
    {
        "name": "620 mV",
        "dec": "620000"
    },
    {
        "name": "630 mV",
        "dec": "630000"
    },
    {
        "name": "640 mV",
        "dec": "640000"
    },
    {
        "name": "650 mV",
        "dec": "650000"
    }
]
