[
    {
        "name": "Do Not Adjust",
        "hex": "22000000200000001E"
    },
	    {
        "name": "34 - [1]",
        "hex": "220000002200000022"
    },
    {
        "name": "32 - [2]",
        "hex": "200000002000000020"
    },
    {
        "name": "30 - [3]",
        "hex": "1E0000001E0000001E"
    },
    {
        "name": "28 - [4]",
        "hex": "1C0000001C0000001C"
    },
    {
        "name": "26 - [5]",
        "hex": "1A0000001A0000001A"
    },
    {
        "name": "24 - [6]",
        "hex": "180000001800000018"
    },
    {
        "name": "22 - [7]",
        "hex": "160000001600000016"
    },
    {
        "name": "20 - [8]",
        "hex": "140000001400000014"
    }
]
