[
    {
        "name": "Do Not Adjust",
        "hex": "0",
        "color": "#666666"
    },
    {
        "name": "140 - [1]",
        "hex": "1",
        "color": "#999999"
    },
    {
        "name": "120 - [2]",
        "hex": "2",
        "color": "#999999"
    },
    {
        "name": "100 - [3]",
        "hex": "3",
        "color": "#CCCCCC"
    },
    {
        "name": "80 - [4]",
        "hex": "4",
        "color": "#CCCCCC"
    },
    {
        "name": "70 - [5]",
        "hex": "5",
        "color": "#FFFFFF"
    },
    {
        "name": "60 - [6]",
        "hex": "6",
        "color": "#FFFFFF"
    }
]