[
    {
        "name": "Do Not Adjust",
        "hex": "0",
        "color": "#666666"
    },
    {
        "name": "-2 -4 - [1]",
        "hex": "1",
        "color": "#999999"
    },
    {
        "name": "-4 -8 - [2]",
        "hex": "2",
        "color": "#999999"
    },
    {
        "name": "-6 -12 - [3]",
        "hex": "3",
        "color": "#CCCCCC"
    },
    {
        "name": "-8 -16 - [4]",
        "hex": "4",
        "color": "#CCCCCC"
    },
    {
        "name": "-10 -20 - [5]",
        "hex": "5",
        "color": "#FFFFFF"
    },
    {
        "name": "-12 -24 - [6]",
        "hex": "6",
        "color": "#FFFFFF"
    }
]