[
    {
        "name": "Unset",
        "label": "Unset",
        "comm": "hex-by-custom-offset",
        "dec": "0",
        "hex": "0000"
    },
    {
        "name": "550 mV",
        "label": "550 mV",
        "dec": "550"
    },
    {
        "name": "555 mV",
        "label": "555 mV",
        "dec": "555"
    },
    {
        "name": "560 mV",
        "label": "560 mV",
        "dec": "560"
    },
    {
        "name": "565 mV",
        "label": "565 mV",
        "dec": "565"
    },
    {
        "name": "570 mV",
        "label": "570 mV",
        "dec": "570"
    },
    {
        "name": "575 mV",
        "label": "575 mV",
        "dec": "575"
    },
    {
        "name": "580 mV",
        "label": "580 mV",
        "dec": "580"
    },
    {
        "name": "585 mV",
        "label": "585 mV",
        "dec": "585"
    },
    {
        "name": "590 mV",
        "label": "590 mV",
        "dec": "590"
    },
    {
        "name": "595 mV",
        "label": "595 mV",
        "dec": "595"
    },
    {
        "name": "600 mV",
        "label": "600 mV",
        "dec": "600"
    },
    {
        "name": "605 mV",
        "label": "605 mV",
        "dec": "605"
    },
    {
        "name": "610 mV",
        "label": "610 mV",
        "dec": "610"
    },
    {
        "name": "615 mV",
        "label": "615 mV",
        "dec": "615"
    },
    {
        "name": "620 mV - Default",
        "label": "620 mV",
        "dec": "620"
    },
    {
        "name": "625 mV",
        "label": "625 mV",
        "dec": "625"
    },
    {
        "name": "630 mV",
        "label": "630 mV",
        "dec": "630"
    },
    {
        "name": "635 mV",
        "label": "635 mV",
        "dec": "635"
    },
    {
        "name": "640 mV",
        "label": "640 mV",
        "dec": "640"
    },
    {
        "name": "645 mV",
        "label": "645 mV",
        "dec": "645"
    },
    {
        "name": "650 mV",
        "label": "650 mV",
        "dec": "650"
    }
]