[
	{
        "name": "Unset - [0]",
        "label": "Unset",
        "dec": "0"
    },
	{
        "name": "[1] - [1]",
        "label": "[1]",
        "dec": "1"
    },
	{
        "name": "[2] - [2]",
        "label": "[2]",
        "dec": "2"
    },
	{
        "name": "[3] - [3]",
        "label": "[3]",
        "dec": "3"
    },
	{
        "name": "[4] - [4]",
        "label": "[4]",
        "dec": "4"
    },
	{
        "name": "[5] - [5]",
        "label": "[5]",
        "dec": "5"
    },
	{
        "name": "[6] - [6]",
        "label": "[6]",
        "dec": "6"
    },
	{
        "name": "[7] - [7]",
        "label": "[7]",
        "dec": "7"
    },
	{
        "name": "[8] - [8]",
        "label": "[8]",
        "dec": "8"
    }
]


