[
    {
        "name": "New Lite Overlay - HOS 17",
        "label": "New",
        "ovl": "ultra new.ovl",
        "nsp": "exefs new.nsp",
        "comm1": "set-ini-val",
        "comm2": "set-ini-val",
        "ini1": "allow_unsafe_freq",
        "ini2": "uncapped_clocks"
    },
    {
        "name": "Old Full Overlay - HOS 16.1",
        "label": "Old",
        "ovl": "ultra old.ovl",
        "nsp": "exefs old.nsp",
        "comm1": "set-ini-val",
        "ini1": "governor_experimental"
    }
]